proctor_email,proctor_password
proctor0@example.com,password123
proctor1@example.com,password123
proctor2@example.com,password123
proctor3@example.com,password123
proctor4@example.com,password123
proctor5@example.com,password123
proctor6@example.com,password123
proctor7@example.com,password123
proctor8@example.com,password123
proctor9@example.com,password123
proctor10@example.com,password123
proctor11@example.com,password123
proctor12@example.com,password123
proctor13@example.com,password123
proctor14@example.com,password123
proctor15@example.com,password123
proctor16@example.com,password123
proctor17@example.com,password123
proctor18@example.com,password123
proctor19@example.com,password123
proctor20@example.com,password123
proctor21@example.com,password123
proctor22@example.com,password123
proctor23@example.com,password123
proctor24@example.com,password123
proctor25@example.com,password123
proctor26@example.com,password123
proctor27@example.com,password123
proctor28@example.com,password123
proctor29@example.com,password123
proctor30@example.com,password123
proctor31@example.com,password123
proctor32@example.com,password123
proctor33@example.com,password123
proctor34@example.com,password123
proctor35@example.com,password123
proctor36@example.com,password123
proctor37@example.com,password123
proctor38@example.com,password123
proctor39@example.com,password123
proctor40@example.com,password123
proctor41@example.com,password123
proctor42@example.com,password123
proctor43@example.com,password123
proctor44@example.com,password123
proctor45@example.com,password123
proctor46@example.com,password123
proctor47@example.com,password123
proctor48@example.com,password123
proctor49@example.com,password123
proctor50@example.com,password123
proctor51@example.com,password123
proctor52@example.com,password123
proctor53@example.com,password123
proctor54@example.com,password123
proctor55@example.com,password123
proctor56@example.com,password123
proctor57@example.com,password123
proctor58@example.com,password123
proctor59@example.com,password123
proctor60@example.com,password123
proctor61@example.com,password123
proctor62@example.com,password123
proctor63@example.com,password123
proctor64@example.com,password123
proctor65@example.com,password123
proctor66@example.com,password123
proctor67@example.com,password123
proctor68@example.com,password123
proctor69@example.com,password123
proctor70@example.com,password123
proctor71@example.com,password123
proctor72@example.com,password123
proctor73@example.com,password123
proctor74@example.com,password123
proctor75@example.com,password123
proctor76@example.com,password123
proctor77@example.com,password123
proctor78@example.com,password123
proctor79@example.com,password123
proctor80@example.com,password123
proctor81@example.com,password123
proctor82@example.com,password123
proctor83@example.com,password123
proctor84@example.com,password123
proctor85@example.com,password123
proctor86@example.com,password123
proctor87@example.com,password123
proctor88@example.com,password123
proctor89@example.com,password123
proctor90@example.com,password123
proctor91@example.com,password123
proctor92@example.com,password123
proctor93@example.com,password123
proctor94@example.com,password123
proctor95@example.com,password123
proctor96@example.com,password123
proctor97@example.com,password123
proctor98@example.com,password123
proctor99@example.com,password123
